ham	ahhhh...just woken up!had a bad dream about u tho,so i dont like u right now :) i didnt know anything about comedy night but i guess im up for it.
ham	you can never do nothing
ham	now u sound like manky scouse boy steve,like! i is travelling on da bus home.wot has u inmind 4 recreation dis eve?
ham	mum say we wan to go then go... then she can shun bian watch da glass exhibition...
ham	never y lei... i v lazy... got wat? dat day ü send me da url cant work one...
ham	in xam hall boy asked girl tell me the starting term for dis answer i can den manage on my own after lot of hesitation n lookin around silently she said the! intha ponnungale ipaditan;)
ham	genius what's up. how your brother. pls send his number to my skype.
ham	they finally came to fix the ceiling.
spam	urgent! call 09066350750 from your landline. your complimentary 4* ibiza holiday or 10,000 cash await collection sae t&cs po box 434 sk3 8wp 150 ppm 18+
ham	now that you have started dont stop. just pray for more good ideas and anything i see that can help you guys i.ll forward you a link.
ham	hello darlin ive finished college now so txt me when u finish if u can love kate xxx
ham	aiyo cos i sms ü then ü neva reply so i wait 4 ü to reply lar. i tot ü havent finish ur lab wat.
ham	im cool ta luv but v.tired 2 cause i have been doin loads of planning all wk, we have got our social services inspection at the nursery! take care & spk sn x.
ham	the message sent is askin for  &lt;#&gt; dollars. shoul i pay  &lt;#&gt;  or  &lt;#&gt; ?
ham	he said i look pretty wif long hair wat. but i thk he's cutting quite short 4 me leh.
ham	you are right though. i can't give you the space you want and need. this is really starting to become an issue. i was going to suggest setting a definite move out--if i'm still there-- after greece. but maybe you are ready and should do it now.
spam	bored housewives! chat n date now! 0871750.77.11! bt-national rate 10p/min only from landlines!
ham	well i know z will take care of me. so no worries.
ham	haha... dont be angry with yourself... take it as a practice for the real thing. =)
ham	nope, i'm still in the market
spam	message important information for o2 user. today is your lucky day! 2 find out why log onto http://www.urawinner.com there is a fantastic surprise awaiting you
ham	am not interested to do like that.
ham	oh yes i can speak txt 2 u no! hmm. did u get  email?
ham	wen ur lovable bcums angry wid u, dnt take it seriously.. coz being angry is d most childish n true way of showing deep affection, care n luv!.. kettoda manda... have nice day da.
ham	thts god's gift for birds as humans hav some natural gift frm god..
ham	aight, i'm chillin in a friend's room so text me when you're on the way
ham	how long has it been since you screamed, princess?
ham	no problem with the renewal. i.ll do it right away but i dont know his details.
ham	does cinema plus drink appeal tomo? * is a fr thriller by director i like on at mac at 8.30.
ham	i'm coming home 4 dinner.
ham	are we doing the norm tomorrow? i finish just a 4.15 cos of st tests. need to sort library stuff out at some point tomo - got letter from today - access til end march so i better get move on!
ham	but i haf enuff space got like 4 mb...
ham	i need to come home and give you some good lovin...
ham	lol i was gonna last month. i cashed some in but i left &lt;#&gt; just in case. i was collecting more during the week cause they announced it on the blog.
ham	mm not entirely sure i understood that text but hey. ho. which weekend?
ham	sorry i missed you babe. i was up late and slept in. i hope you enjoy your driving lesson, boytoy. i miss you too ... *teasing kiss*
ham	a boy loved a gal. he propsd bt she didnt mind. he gv lv lttrs, bt her frnds threw thm. again d boy decided 2 aproach d gal , dt time a truck was speeding towards d gal. wn it was about 2 hit d girl,d boy ran like hell n saved her. she asked 'hw cn u run so fast?' d boy replied boost is d secret of my energy n instantly d girl shouted our energy n thy lived happily 2gthr drinking boost evrydy moral of d story:- i hv free msgs:d;): gud ni8
spam	free for 1st week! no1 nokia tone 4 ur mobile every week just txt nokia to 8077 get txting and tell ur mates. www.getzed.co.uk pobox 36504 w45wq 16+ norm150p/tone
ham	our prashanthettan's mother passed away last night. pray for her and family.
spam	you have 1 new voicemail. please call 08719181503
ham	didn't try, g and i decided not to head out
ham	give one miss from that number please
spam	update_now - 12mths half price orange line rental: 400mins...call mobileupd8 on 08000839402 or call2optout=j5q
spam	500 new mobiles from 2004, must go! txt: nokia to no: 89545 & collect yours today!from only £1 www.4-tc.biz 2optout 087187262701.50gbp/mtmsg18 txtauction
ham	you might want to pull out more just in case and just plan on not spending it if you can, i don't have much confidence in derek and taylor's money management
ham	my life means a lot to me, not because i love my life, but because i love the people in my life, the world calls them friends, i call them my world:-).. ge:-)..
ham	do i? i thought i put it back in the box
ham	remember on that day..
ham	sent me ur email id soon
ham	indeed and by the way it was either or - not both !
ham	haha just kidding, papa needs drugs
ham	no gifts!! you trying to get me to throw myself off a cliff or something?
ham	she went to attend another two rounds today..but still did't reach home..
ham	haha... can... but i'm having dinner with my cousin...
ham	total video converter free download type this in google search:)
ham	yay! finally lol. i missed our cinema trip last week :-(
ham	good morning, im suffering from fever and dysentry ..will not be able to come to office today.
ham	keep my payasam there if rinu brings
ham	we can go 4 e normal pilates after our intro...
ham	lol ok ill try to send. be warned sprint is dead slow. you'll prolly get it tomorrow
ham	honestly i've just made a lovely cup of tea and promptly dropped my keys in it and then burnt my fingers getting them out!
ham	please dont say like that. hi hi hi
ham	k k pa had your lunch aha.
ham	watch lor. i saw a few swatch one i thk quite ok. ard 116 but i need 2nd opinion leh...
ham	i told that am coming on wednesday.
ham	can you pls pls send me a mail on all you know about relatives coming to deliver here? all you know about costs, risks, benefits and anything else. thanks.
ham	yup but not studying surfing lor. i'm in e lazy mode today.
ham	hello! how r u? im bored. inever thought id get bored with the tv but i am. tell me something exciting has happened there? anything! =/
ham	been up to ne thing interesting. did you have a good birthday? when are u wrking nxt? i started uni today.
spam	warner village 83118 c colin farrell in swat this wkend @warner village & get 1 free med. popcorn!just show msg+ticket@kiosk.valid 4-7/12. c t&c @kiosk. reply sony 4 mre film offers
ham	does uncle timi help in clearing cars
ham	ugh. gotta drive back to sd from la. my butt is sore.
ham	same here, but i consider walls and bunkers and shit important just because i never play on peaceful but i guess your place is high enough that it don't matter
ham	science tells that chocolate will melt under the sunlight. please don't walk under the sunlight. bcoz,i don't want to loss a sweet friend.
ham	i dont know why she.s not getting your messages
ham	dunno lei... i might b eatin wif my frens... if ü wan to eat then i wait 4 ü lar
ham	hahaha..use your brain dear
ham	when u wana see it then
ham	talk to g and x about that
ham	were somewhere on fredericksburg
ham	just sent again. do you scream and moan in bed, princess?
spam	private! your 2003 account statement for shows 800 un-redeemed s.i.m. points. call 08718738001 identifier code: 49557 expires 26/11/04
ham	ya very nice. . .be ready on thursday
ham	please reserve ticket on saturday eve from chennai to thirunelvali and again from tirunelvali to chennai on sunday eve...i already see in net..no ticket available..i want to book ticket through tackle ..
spam	free top ringtone -sub to weekly ringtone-get 1st week free-send subpoly to 81618-?3 per week-stop sms-08718727870
ham	what i told before i tell. stupid hear after i wont tell anything to you. you dad called to my brother and spoken. not with me.
ham	hey.. something came up last min.. think i wun be signing up tmr.. hee
ham	i need an 8th but i'm off campus atm, could i pick up in an hour or two?
ham	anything lor... u decide...
spam	u have a secret admirer. reveal who thinks u r so special. call 09065174042. to opt out reply reveal stop. 1.50 per msg recd. cust care 07821230901
ham	sorry man, accidentally left my phone on silent last night and didn't check it til i got up
spam	hack chat. get backdoor entry into 121 chat rooms at a fraction of the cost. reply neo69 or call 09050280520, to subscribe 25p pm. dps, bcm box 8027 ldn, wc1n3xx
ham	i don't know jack shit about anything or i'd say/ask something helpful but if you want you can pretend that i did and just text me whatever in response to the hypotheticalhuagauahahuagahyuhagga
ham	what time is ur flight tmr?
ham	just got up. have to be out of the room very soon. …. i hadn't put the clocks back til at 8 i shouted at everyone to get up and then realised it was 7. wahay. another hour in bed.
ham	ok... i din get ur msg...
spam	free msg. sorry, a service you ordered from 81303 could not be delivered as you do not have sufficient credit. please top up to receive the service.
ham	:-( that's not v romantic!
ham	probably gonna swing by in a wee bit
spam	congrats! 2 mobile 3g videophones r yours. call 09063458130 now! videochat wid your mates, play java games, dload polyph music, noline rentl.
ham	i'd say that's a good sign but, well, you know my track record at reading women
ham	s:-)if we have one good partnership going we will take lead:)
ham	are you driving or training?
ham	msg me when rajini comes.
ham	and whenever you and i see we can still hook up too.
spam	for your chance to win a free bluetooth headset then simply reply back with adp
ham	hey i will be late ah... meet you at 945+
ham	hurt me... tease me... make me cry... but in the end of my life when i die plz keep one rose on my grave and say stupid i miss u.. have a nice day bslvyl
ham	any way where are you and what doing.
spam	spook up your mob with a halloween collection of a logo & pic message plus a free eerie tone, txt card spook to 8007 zed 08701417012150p per logo/pic
ham	s.i think he is waste for rr..
ham	10 min later k...
ham	am not working but am up to eyes in philosophy so will text u later when a bit more free for chat...
ham	don't forget who owns you and who's private property you are ... and be my good boy always .. *passionate kiss*
ham	mark works tomorrow. he gets out at 5. his work is by your house so he can meet u afterwards.
spam	this is the 2nd time we have tried 2 contact u. u have won the 750 pound prize. 2 claim is easy, call 08718726970 now! only 10p per min. bt-national-rate
ham	but i'm on a diet. and i ate 1 too many slices of pizza yesterday. ugh i'm always on a diet.
ham	cramps stopped. going back to sleep
ham	he says hi and to get your ass back to south tampa (preferably at a kegger)
ham	i can. but it will tell quite long, cos i haven't finish my film yet...
ham	no screaming means shouting..
ham	tell them no need to investigate about me anywhere.
ham	really good:)dhanush rocks once again:)
ham	yes.he have good crickiting mind
ham	you call him now ok i said call him
spam	hottest pics straight to your phone!! see me getting wet and wanting, just for you xx text pics to 89555 now! txt costs 150p textoperator g696ga 18 xxx
ham	erm... woodland avenue somewhere. do you get the parish magazine, his telephone number will be in there.
ham	check mail.i have mailed varma and kept copy to you regarding membership.take care.insha allah.
ham	i had been hoping i would not have to send you this message. my rent is due and i dont have enough for it. my reserves are completely gone. its a loan i need and was hoping you could her. the balance is  &lt;#&gt; . is there a way i could get that from you, till mid march when i hope to pay back.
spam	congratulations u can claim 2 vip row a tickets 2 c blu in concert in november or blu gift guaranteed call 09061104276 to claim ts&cs www.smsco.net cost£3.75max
ham	should i send you naughty pix? :)
ham	i love ya too but try and budget your money better babe. gary would freak on me if he knew
spam	please call 08712402902 immediately as there is an urgent message waiting for you.
ham	so dont use hook up any how
ham	please protect yourself from e-threats. sib never asks for sensitive information like passwords,atm/sms pin thru email. never share your password with anybody.
ham	but i dint slept in afternoon.
ham	goodmorning sleeping ga.
ham	some friends want me to drive em someplace, probably take a while
ham	i.ll get there tomorrow and send it to you
ham	hey check it da. i have listed da.
ham	i miss you so much i'm so desparate i have recorded the message you left for me the other day and listen to it just to hear the sound of your voice. i love you
ham	sorry, i'll call you  later. i am in meeting sir.
spam	ur balance is now £600. next question: complete the landmark, big, a. bob, b. barry or c. ben ?. text a, b or c to 83738. good luck!
spam	congratulations you've won. you're a winner in our august £1000 prize draw. call 09066660100 now. prize code 2309.
ham	oic... i saw him too but i tot he din c me... i found a group liao...
ham	ok both our days. so what are you making for dinner tonite? am i invited?
ham	is there any movie theatre i can go to and watch unlimited movies and just pay once?
ham	how much you got for cleaning
ham	yeah, i'll leave in a couple minutes &amp; let you know when i get to mu
ham	yes princess! i want to catch you with my big strong hands...
spam	sms. ac sun0819 posts hello:you seem cool, wanted to say hi. hi!!! stop? send stop to 62468
ham	now, whats your house # again ? and do you have any beer there ?
ham	why do you ask princess?
ham	i got to video tape pple type in message lor. u so free wan 2 help me? hee... cos i noe u wan 2 watch infernal affairs so ask u along. asking shuhui oso.
ham	the xmas story is peace.. the xmas msg is love.. the xmas miracle is jesus.. hav a blessed month ahead &amp; wish u merry xmas...
ham	hi its in durban are you still on this number
ham	take us out shopping and mark will distract isaiah.=d
spam	you are a winner u have been specially selected 2 receive £1000 cash or a 4* holiday (flights inc) speak to a live operator 2 claim 0871277810810
ham	have you been practising your curtsey?
ham	shall i start from hear.
ham	ok. so april. cant wait
ham	ok i vl..do u know i got adsense approved..
spam	talk sexy!! make new friends or fall in love in the worlds most discreet text dating service. just text vip to 83110 and see who you could meet.
ham	k i'm leaving soon, be there a little after 9
ham	i'll text you when i drop x off
ham	i'm done oredi...
ham	only 2% students solved this cat question in 'xam... 5+3+2= &lt;#&gt;  9+2+4= &lt;#&gt;  8+6+3= &lt;#&gt;  then 7+2+5=????? tell me the answer if u r brilliant...1thing.i got d answr.
ham	dis is yijue. i jus saw ur mail. in case huiming havent sent u my num. dis is my num.
ham	&lt;#&gt; ish minutes was 5 minutes ago. wtf.
ham	hi baby im sat on the bloody bus at the mo and i wont be home until about 7:30 wanna do somethin later? call me later ortxt back jess xx
ham	good afternoon, my boytoy ... how are you feeling today ? better i hope? are you being my good boy? are you my obedient, slave? do you please your queen?
ham	was the farm open?
spam	rgent! this is the 2nd attempt to contact u!u have won £1250 call 09071512433 b4 050703 t&csbcm4235wc1n3xx. callcost 150ppm mobilesvary. max£7. 50
ham	so i could kiss and feel you next to me...
ham	the gas station is like a block away from my house, you'll drive right by it since armenia ends at swann and you have to take howard
ham	if he started searching he will get job in few days.he have great potential and talent.
ham	just taste fish curry :-p
ham	did he just say somebody is named tampa
ham	when should i come over?
ham	yup i've finished c ü there...
ham	yes there were many sweets
ham	just do what ever is easier for you
ham	and i don't plan on staying the night but i prolly won't be back til late
ham	yeah work is fine, started last week, all the same stuff as before, dull but easy and guys are fun!
ham	well i might not come then...
ham	that's the trouble with classes that go well - you're due a dodgey one … expecting mine tomo! see you for recovery, same time, same place
ham	got it! it looks scrumptious... daddy wants to eat you all night long!
ham	wait.i will come out.. &lt;#&gt;  min:)
ham	enjoy ur life. . good night
ham	my slave! i want you to take 2 or 3 pictures of yourself today in bright light on your cell phone! bright light!
ham	crazy ar he's married. ü like gd looking guys not me. my frens like say he's korean leona's fave but i dun thk he is. aft some thinking mayb most prob i'll go.
ham	ü no home work to do meh...
ham	oh wow thats gay. will firmware update help
ham	you could have seen me..i did't recognise you face.:)
ham	k:)all the best:)congrats...
ham	dear good morning now only i am up
ham	how's ur paper?
ham	is xy in ur car when u picking me up?
ham	yeah sure i'll leave in a min
ham	i know dat feelin had it with pete! wuld get with em , nuther place nuther time mayb?
ham	beautiful truth against gravity.. read carefully: our heart feels light when someone is in it.. but it feels very heavy when someone leaves it.. good night
spam	xmas prize draws! we are trying to contact u. todays draw shows that you have won a £2000 prize guaranteed. call 09058094565 from land line. valid 12hrs only
ham	*deep sigh* ... i miss you :-( ... i am really surprised you haven't gone to the net cafe yet to get to me ... don't you miss me?
spam	ur going 2 bahamas! callfreefone 08081560665 and speak to a live operator to claim either bahamas cruise of£2000 cash 18+only. to opt out txt x to 07786200117
spam	freemsg: 1-month unlimited free calls! activate smartcall txt: call to no: 68866. subscriptn3gbp/wk unlimited calls help: 08448714184 stop?txt stop landlineonly
ham	k..k:)how much does it cost?
ham	good morning my dear........... have a great &amp; successful day.
ham	send me the new number
ham	we still on for tonight?
ham	ok...
ham	ya i knw u vl giv..its ok thanks kano..anyway enjoy wit ur family wit 1st salary..:-);-)
ham	no, i decided that only people who care about stuff vote and caring about stuff is for losers
ham	i am literally in bed and have been up for like  &lt;#&gt;  hours
ham	you are gorgeous! keep those pix cumming :) thank you!
spam	urgent! we are trying to contact u. todays draw shows that you have won a £800 prize guaranteed. call 09050001808 from land line. claim m95. valid12hrs only
ham	thnx dude. u guys out 2nite?
ham	lol ... i knew that .... i saw him in the dollar store
ham	i meant as an apology from me for texting you to get me drugs at  &lt;#&gt; at night
spam	u've been selected to stay in 1 of 250 top british hotels - for nothing! holiday valued at £350! dial 08712300220 to claim - national rate call. bx526, sw73ss
ham	thanks for loving me so. you rock
ham	do you know why god created gap between your fingers..? so that, one who is made for you comes &amp; fills those gaps by holding your hand with love..!
ham	can you just come in for a sec? there's somebody here i want you to see
ham	so are you guys asking that i get that slippers again or its gone with last year
ham	never blame a day in ur life. good days give u happiness. bad days give u experience. both are essential in life! all are gods blessings! good morning.:
ham	i'm not coming over, do whatever you want
ham	you got called a tool?
ham	that's one of the issues but california is okay. no snow so its manageable
ham	yes when is the appt again?
ham	oh and by the way you do have more food in your fridge! want to go out for a meal tonight?
ham	yeah imma come over cause jay wants to do some drugs
ham	yes..gauti and sehwag out of odi series.
ham	speaking of does he have any cash yet?
ham	not really dude, have no friends i'm afraid :(
ham	say this slowly.? god,i love you &amp; i need you,clean my heart with your blood.send this to ten special people &amp; u c miracle tomorrow, do it,pls,pls do it...
ham	alrite sam its nic just checkin that this is ur number-so is it?t.b*
ham	hi dude hw r u da realy mising u today
ham	aight i'll grab something to eat too, text me when you're back at mu
spam	we know someone who you know that fancies you. call 09058097218 to find out who. pobox 6, ls15hb 150p
ham	rofl. its true to its name
ham	pls i wont belive god.not only jesus.
ham	my friend, she's studying at warwick, we've planned to go shopping and to concert tmw, but it may be canceled, havn't seen  for ages, yeah we should get together sometime!
ham	should i be stalking u?
ham	dun b sad.. it's over.. dun thk abt it already. concentrate on ur other papers k.
ham	u should have made an appointment
ham	where to get those?
spam	from www.applausestore.com monthlysubscription@50p/msg max6/month t&csc web age16 2stop txt stop
ham	how do you guys go to see movies on your side.
ham	any chance you might have had with me evaporated as soon as you violated my privacy by stealing my phone number from your employer's paperwork. not cool at all. please do not contact me again or i will report you to your supervisor.
ham	saw guys and dolls last night with patrick swayze it was great
ham	&lt;#&gt;  great loxahatchee xmas tree burning update: you can totally see stars here
ham	u r the most beautiful girl ive ever seen. u r my baby come and c me in the common room
ham	they will pick up and drop in car.so no problem..
ham	i'm also came to room.
ham	well i'm going to be an aunty!
ham	hey, i missed you tm of last night as my phone was on the charge ... *smiles* ... i am meeting a friend shortly
ham	and of course you should make a stink!
spam	want to funk up ur fone with a weekly new tone reply tones2u 2 this text. www.ringtones.co.uk, the original n best. tones 3gbp network operator rates apply
spam	win urgent! your mobile number has been awarded with a £2000 prize guaranteed call 09061790121 from land line. claim 3030 valid 12hrs only 150ppm
ham	hey morning what you come to ask:-) pa...
ham	just now saw your message.it k da:)
ham	ok then i will come to ur home after half an hour
ham	if you're not in my car in an hour and a half i'm going apeshit
ham	they just talking thats it de. they wont any other.
ham	better. made up for friday and stuffed myself like a pig yesterday. now i feel bleh. but at least its not writhing pain kind of bleh.
spam	rct' thnq adrian for u text. rgds vatian
ham	dhoni have luck to win some big title.so we will win:)
ham	stop calling everyone saying i might have cancer. my throat hurts to talk. i can't be answering everyones calls. if i get one more call i'm not babysitting on monday
spam	natalie (20/f) is inviting you to be her friend. reply yes-165 or no-165 see her: www.sms.ac/u/natalie2k9 stop? send stop frnd to 62468
ham	yeah if we do have to get a random dude we need to change our info sheets to party  &lt;#&gt; /7 never study just to be safe
ham	it is only yesterday true true.
ham	hi ....my engagement has been fixd on  &lt;#&gt; th of next month. i know its really shocking bt....hmm njan vilikkam....t ws al of a sudn;-(.
spam	urgent ur awarded a complimentary trip to eurodisinc trav, aco&entry41 or £1000. to claim txt dis to 87121 18+6*£1.50(morefrmmob. shracomorsglsuplt)10, ls1 3aj
ham	sounds gd... haha... can... wah, u yan jiu so fast liao...
ham	watching cartoon, listening music &amp; at eve had to go temple &amp; church.. what about u?
ham	i'm gonna say no. sorry. i would but as normal am starting to panic about time. sorry again! are you seeing on tuesday?
ham	pls confirm the time to collect the cheque.
ham	i'm gonna be home soon and i don't want to talk about this stuff anymore tonight, k? i've cried enough today.
spam	todays voda numbers ending 1225 are selected to receive a £50award. if you have a match please call 08712300220 quoting claim code 3100 standard rates app
ham	gud gud..k, chikku tke care.. sleep well gud nyt
ham	aight, can you text me the address?
ham	you best watch what you say cause i get drunk as a motherfucker
spam	we tried to call you re your reply to our sms for a video mobile 750 mins unlimited text free camcorder reply or call now 08000930705 del thurs
ham	don know..he is watching film in computer..
ham	ma head dey swell oh. thanks for making my day
ham	yeah that'd pretty much be the best case scenario
ham	what u mean u almost done? done wif sleeping? but i tot u going to take a nap.. yup i send her liao so i'm picking her up at ard 4 smth lor..
spam	this message is free. welcome to the new & improved sex & dogging club! to unsubscribe from this service reply stop. msgs@150p 18+only
ham	hey happy birthday...
ham	no message..no responce..what happend?
ham	hi babe its me thanks for coming even though it didnt go that well!i just wanted my bed! hope to see you soon love and kisses xxx
ham	how tall are you princess?
ham	come aftr  &lt;decimal&gt; ..now i m cleaning the house
ham	fyi i'm at usf now, swing by the room whenever
ham	oh oh... wasted... den muz chiong on sat n sun liao...
spam	this is the 2nd time we have tried 2 contact u. u have won the 750 pound prize. 2 claim is easy, call 08712101358 now! only 10p per min. bt-national-rate
ham	yes fine
spam	sms services. for your inclusive text credits, pls goto www.comuk.net login= 3qxj9 unsubscribe with stop, no extra charge. help 08702840625.comuk. 220-cm2 9ae
spam	hi babe its jordan, how r u? im home from abroad and lonely, text me back if u wanna chat xxsp visionsms.com text stop to stopcost 150p 08712400603
spam	want to funk up ur fone with a weekly new tone reply tones2u 2 this text. www.ringtones.co.uk, the original n best. tones 3gbp network operator rates apply
ham	teach me apps da. when you come to college.
ham	ooh, 4got, i'm gonna start belly dancing in moseley weds 6.30 if u want 2 join me, they have a cafe too.
spam	you have won! as a valued vodafone customer our computer has picked you to win a £150 prize. to collect is easy. just call 09061743386
ham	onum ela pa. normal than.
ham	are you still getting the goods.
ham	i can ask around but there's not a lot in terms of mids up here
ham	princess, i like to make love  &lt;#&gt;  times per night. hope thats not a problem!
ham	sir, you will receive the account no another 1hr time. sorry for the delay.
ham	in e msg jus now. u said thanks for gift.
ham	how was txting and driving
ham	same. wana plan a trip sometme then
ham	nah, wednesday. when should i bring the mini cheetos bag over?
ham	lol alright i was thinkin that too haha
ham	hanging out with my brother and his family
ham	goodo! yes we must speak friday - egg-potato ratio for tortilla needed!
ham	we made it! eta at taunton is 12:30 as planned, hope that‘s still okday?! good to see you! :-xx
ham	gumby's has a special where a  &lt;#&gt;  cheese pizza is $2 so i know what we're doin tonight
spam	guess what! somebody you know secretly fancies you! wanna find out who it is? give us a call on 09065394514 from landline datebox1282essexcm61xn 150p/min 18
ham	wif my family booking tour package.
spam	t-mobile customer you may now claim your free camera phone upgrade & a pay & go sim card for your loyalty. call on 0845 021 3680.offer ends 28thfeb.t&c's apply
ham	r u saying i should re order the slippers cos i had to pay for returning it.
ham	whats the staff name who is taking class for us?
ham	i have lost 10 kilos as of today!
ham	hmmm.... mayb can try e shoppin area one, but forgot e name of hotel...
ham	i'm watching lotr w my sis dis aft. so u wan 2 meet me 4 dinner at nite a not?
ham	pity, * was in mood for that. so...any other suggestions?
ham	don't think about what u have got think about how to use it that you have got good ni8
ham	s...i will take mokka players only:)
ham	hey! congrats 2u2. id luv 2 but ive had 2 go home!
ham	dont worry, 1 day very big lambu ji vl come..til then enjoy batchlor party:-)
ham	ta-daaaaa! i am home babe, are you still up ?
ham	so why didnt you holla?
ham	babe !!!! i love you !!!! *covers your face in kisses*
ham	s:)8 min to go for lunch:)
ham	just normal only here :)
spam	well done england! get the official poly ringtone or colour flag on yer mobile! text tone or flag to 84199 now! opt-out txt eng stop. box39822 w111wx £1.50
ham	you were supposed to wake me up &gt;:(
ham	oh ho. is this the first time u use these type of words
ham	yup i thk cine is better cos no need 2 go down 2 plaza mah.
ham	and by when you're done i mean now
ham	so wats ur opinion abt him and how abt is character?
spam	u have a secret admirer who is looking 2 make contact with u-find out who they r*reveal who thinks ur so special-call on 09065171142-stopsms-08718727870150ppm
spam	eerie nokia tones 4u, rply tone title to 8007 eg tone dracula to 8007 titles: ghost, addamsfa, munsters, exorcist, twilight www.getzed.co.uk pobox36504w45wq 150p
ham	yeah i think my usual guy's still passed out from last night, if you get ahold of anybody let me know and i'll throw down
ham	jos ask if u wana meet up?
spam	thanks for your ringtone order, reference number x49.your mobile will be charged 4.50. should your tone not arrive please call customer services 09065989182
ham	ok i found dis pierre cardin one which looks normal costs 20 its on sale.
ham	yes:)here tv is always available in work place..
ham	we not leaving yet. ok lor then we go elsewhere n eat. u thk...
ham	hello beautiful r u ok? i've kinda ad a row wiv and he walked out the pub?? i wanted a night wiv u miss u
ham	call to the number which is available in appointment. and ask to connect the call to waheed fathima.
ham	sorry light turned green, i meant another friend wanted  &lt;#&gt;  worth but he may not be around
ham	yup i thk they r e teacher said that will make my face look longer. darren ask me not 2 cut too short.
ham	free any day but i finish at 6 on mon n thurs...
ham	aiyah u did ok already lar. e nydc at wheellock?
ham	today i'm not workin but not free oso... gee... thgt u workin at ur fren's shop ?
ham	i'm on the bus. love you
spam	private! your 2004 account statement for 07742676969 shows 786 unredeemed bonus points. to claim call 08719180248 identifier code: 45239 expires
ham	ola would get back to you maybe not today but i ve told him you can be his direct link in the us in getting cars he bids for online, you arrange shipping and you get a cut. or u????? for a partnership where u????? invest money for shipping and he takes care of the rest!u??wud b self reliant soon dnt worry
ham	what is your record for one night? :)
ham	, ,  and  picking them up from various points | going 2 yeovil | and they will do the motor project 4 3 hours | and then u take them home. || 12 2 5.30 max. || very easy
spam	complimentary 4 star ibiza holiday or £10,000 cash needs your urgent collection. 09066364349 now from landline not to lose out! box434sk38wp150ppm18+
spam	latest nokia mobile or ipod mp3 player +£400 proze guaranteed! reply with: win to 83355 now! norcorp ltd.£1,50/mtmsgrcvd18+
ham	thank you. do you generally date the brothas?
ham	oh is it! which brand?
ham	i'm wif him now buying tix lar...
spam	your free ringtone is waiting to be collected. simply text the password mix to 85069 to verify. get usher and britney. fml, po box 5249, mk17 92h. 450ppw 16
ham	like a personal sized or what
ham	pls clarify back if an open return ticket that i have can be preponed for me to go back to kerala.
ham	yun ah.now ü wkg where?btw if ü go nus sc. ü wana specialise in wad?
ham	night has ended for another day, morning has come in a special way. may you smile like the sunny rays and leaves your worries at the blue blue bay. gud mrng
ham	thanks a lot for your wishes on my birthday. thanks you for making my birthday truly memorable.
ham	tonight? yeah, i'd be down for that
ham	would me smoking you out help us work through this difficult time
ham	hey pple...$700 or $900 for 5 nights...excellent location wif breakfast hamper!!!
ham	oops sorry. just to check that you don't mind picking me up tomo at half eight from station. would that be ok?
ham	* am on my way
ham	no de. but call me after some time. ill tell you k
ham	the guy at the car shop who was flirting with me got my phone number from the paperwork and called and texted me. i'm nervous because of course now he may have my address. should i call his boss and tell him, knowing this may get him fired?
ham	sorry, i'll call later
ham	hey tmr meet at bugis 930 ?
spam	shop till u drop, is it you, either 10k, 5k, £500 cash or £100 travel voucher, call now, 09064011000. ntt po box cr01327bt fixedline cost 150ppm mobile vary
ham	k do i need a login or anything
ham	painful words- i thought being happy was the most toughest thing on earth... but, the toughest is acting happy with all unspoken pain inside..
ham	i hope your pee burns tonite.
ham	i'm reaching home in 5 min.
ham	ok then i will come to ur home after half an hour
ham	awesome, lemme know whenever you're around
ham	don no da:)whats you plan?
ham	miserable. they don't tell u that the side effects of birth control are massive gut wrenching cramps for the first 2 months. i didn't sleep at all last night.
ham	hey no i ad a crap nite was borin without ya 2 boggy with me u boring biatch! thanx but u wait til nxt time il ave ya
ham	i think i‘m waiting for the same bus! inform me when you get there, if you ever get there.
spam	upgrdcentre orange customer, you may now claim your free camera phone upgrade for your loyalty. call now on 0207 153 9153. offer ends 26th july. t&c's apply. opt-out available
ham	lol! oops sorry! have fun.
spam	in the simpsons movie released in july 2007 name the band that died at the start of the film? a-green day, b-blue day, c-red day. (send a, b or c)
ham	we are hoping to get away by 7, from langport. you still up for town tonight?
ham	dunno lei he neva say...
ham	wat time liao, where still got.
ham	great. have a safe trip. dont panic surrender all.
ham	i am in escape theatre now. . going to watch kavalan in a few minutes
ham	alright took the morphine. back in yo.
ham	my phone
ham	still in customer place
ham	ugh my leg hurts. musta overdid it on mon.
spam	new textbuddy chat 2 horny guys in ur area 4 just 25p free 2 receive search postcode or at gaytextbuddy.com. txt one name to 89693. 08715500022 rpl stop 2 cnl
ham	i think asking for a gym is the excuse for lazy people. i jog.
ham	mum not going robinson already.
ham	aight, you close by or still down around alex's place?
spam	romcapspam everyone around should be responding well to your presence since you are so warm and outgoing. you are bringing in a real breath of sunshine.
ham	in da car park
ham	you busy or can i come by at some point and figure out what we're doing tomorrow
ham	no, but you told me you were going, before you got drunk!
ham	thanx...
ham	then we gotta do it after that
ham	today iz yellow rose day. if u love my frndship give me 1 misscall &amp; send this to ur frndz &amp; see how many miss calls u get. if u get 6missed u marry ur lover.
ham	i am on the way to ur home
ham	what happen dear. why you silent. i am tensed
ham	wat would u like 4 ur birthday?
ham	not enufcredeit tocall.shall ileave uni at 6 +get a bus to yor house?
ham	i got like $ &lt;#&gt; , i can get some more later though. get whatever you feel like
ham	dont gimme that lip caveboy
ham	captain is in our room:)
ham	later i guess. i needa do mcat study too.
spam	hi ya babe x u 4goten bout me?' scammers getting smart..though this is a regular vodafone no, if you respond you get further prem rate msg/subscription. other nos used also. beware!
ham	hey are we going for the lo lesson or gym?
ham	ok set let u noe e details later...
ham	i see. when we finish we have loads of loans to pay
ham	ay wana meet on sat?ü wkg on sat?
ham	aww you must be nearly dead!well jez iscoming over todo some workand that whilltake forever!
ham	sorry pa, i dont knw who ru pa?
ham	no management puzzeles.
ham	had the money issue weigh me down but thanks to you, i can breathe easier now. i.ll make sure you dont regret it. thanks.
ham	heehee that was so funny tho
spam	500 new mobiles from 2004, must go! txt: nokia to no: 89545 & collect yours today!from only £1 www.4-tc.biz 2optout 087187262701.50gbp/mtmsg18
ham	then why no one talking to me
ham	what to think no one saying clearly. ok leave no need to ask her. i will go if she come or not
ham	kothi print out marandratha.
ham	sary just need tim in the bollox &it hurt him a lot so he tol me!
ham	hey gals.. anyone of u going down to e driving centre tmr?
ham	okie...
ham	good night my dear.. sleepwell&amp;take care
ham	she is our sister.. she belongs 2 our family.. she is d hope of tomorrow.. pray 4 her,who was fated 4 d shoranur train incident. lets hold our hands together &amp; fuelled by love &amp; concern prior 2 her grief &amp; pain. pls join in dis chain &amp; pass it. stop violence against women.
ham	i can't speak, bcaz mobile have problem. i can listen you but you cann't listen my voice. so i calls you later.
ham	are you there in room.
ham	yeah, that's fine! it's £6 to get in, is that ok?
ham	i'm working technical support :)voice process.
ham	i'm doing da intro covers energy trends n pros n cons... brief description of nuclear fusion n oso brief history of iter n jet got abt 7 n half pages..
ham	every day i use to sleep after  &lt;#&gt;  so only.
ham	where are the garage keys? they aren't on the bookshelf
ham	i like to think there's always the possibility of being in a pub later.
ham	yes ammae....life takes lot of turns you can only sit and try to hold the steering...
ham	that's y we haf to combine n c how lor...
ham	just sleeping..and surfing
ham	i'm an actor. when i work, i work in the evening and sleep late. since i'm unemployed at the moment, i always sleep late. when you're unemployed, every day is saturday.
ham	my friend just got here and says he's upping his order by a few grams (he's got $ &lt;#&gt; ), when can you get here?
ham	not that i know of, most people up here are still out of town
ham	i've reached already.
ham	was it something u ate?
ham	ü only send me the contents page...
ham	rats. hey did u ever vote for the next themes?
ham	babe ! how goes that day ? what are you doing ? where are you ? i sip my cappuccino and think of you, my love ... i send a kiss to you from across the sea
ham	aight text me when you're back at mu and i'll swing by, need somebody to get the door for me
ham	beautiful truth : expression of the face could be seen by everyone... but the depression of heart could be understood only by the loved ones.. gud ni8;-)
ham	hey babe! i saw you came online for a second and then you disappeared, what happened ?
ham	busy here. trying to finish for new year. i am looking forward to finally meeting you...
ham	look at the fuckin time. what the fuck you think is up
ham	lol that's different. i don't go trying to find every real life photo you ever took.
ham	do you know where my lab goggles went
ham	yep. i do like the pink furniture tho.
ham	no need lar. jus testing e phone card. dunno network not gd i thk. me waiting 4 my sis 2 finish bathing so i can bathe. dun disturb u liao u cleaning ur room.
ham	yeah, don't go to bed, i'll be back before midnight
ham	beerage?
ham	short but cute :  be a good person , but dont try to prove ..... gud mrng...
ham	also are you bringing galileo or dobby
spam	orange customer, you may now claim your free camera phone upgrade for your loyalty. call now on 0207 153 9996. offer ends 14thmarch. t&c's apply. opt-out availa
ham	sounds like you have many talents! would you like to go on a dinner date next week?
ham	r u meeting da ge at nite tmr?
ham	then ur sis how?
ham	thank u!
ham	how much did ur hdd casing cost.
ham	thank you meet you monday
ham	the guy did some bitching but i acted like i'd be interested in buying something else next week and he gave it to us for free
ham	yep, at derek's house now, see you sunday &lt;3
ham	oooh i got plenty of those!
ham	its sarcasm.. .nt scarcasim
ham	ugh just got outta class
ham	happy new year to u too!
ham	uncle g, just checking up on you. do have a rewarding month
ham	just come home. i don't want u to be miserable
ham	yeah we do totes. when u wanna?
ham	watching cartoon, listening music &amp; at eve had to go temple &amp; church.. what about u?
ham	ü wait 4 me in sch i finish ard 5..
ham	here got lots of hair dresser fr china.
ham	well then you have a great weekend!
ham	yup... i havent been there before... you want to go for the yoga? i can call up to book
ham	sorry, i'll call later
ham	aiyo a bit pai seh ü noe... scared he dun rem who i am then die... hee... but he become better lookin oredi leh...
ham	ah you see. you have to be in the lingo. i will let you know wot on earth it is when has finished making it!
ham	sorry, i'll call later in meeting.
ham	yeah. i got a list with only u and joanna if i'm feeling really anti social
ham	my uncles in atlanta. wish you guys a great semester.
spam	hard live 121 chat just 60p/min. choose your girl and connect live. call 09094646899 now! cheap chat uk's biggest live service. vu bcm1896wc1n3xx
ham	i see the letter b on my car
ham	badrith is only for chennai:)i will surely pick for us:)no competition for him.
ham	ah poor baby!hope urfeeling bettersn luv! probthat overdose of work hey go careful spk 2 u sn lots of lovejen xxx.
ham	thanks, i'll keep that in mind
ham	k ill drink.pa then what doing. i need srs model pls send it to my mail id pa.
ham	ok then i come n pick u at engin?
ham	im good! i have been thinking about you...
ham	yar but they say got some error.
ham	dear how you. are you ok?
ham	i'm at work. please call
spam	urgent! call 09066612661 from landline. your complementary 4* tenerife holiday or £10,000 cash await collection sae t&cs po box 3 wa14 2px 150ppm 18+ sender: hol offer
ham	greetings me, ! consider yourself excused.
ham	r u still working now?
ham	i'm back &amp; we're packing the car now, i'll let you know if there's room
ham	i can't describe how lucky you are that i'm actually awake by noon
spam	you are a £1000 winner or guaranteed caller prize, this is our final attempt to contact you! to claim call 09071517866 now! 150ppmpobox10183bhamb64xe
ham	ahhh. work. i vaguely remember that! what does it feel like? lol
ham	what today-sunday..sunday is holiday..so no work..
spam	themob>hit the link to get a premium pink panther game, the new no. 1 from sugababes, a crazy zebra animation or a badass hoody wallpaper-all 4 free!
ham	shall i bring us a bottle of wine to keep us amused? only joking! i‘ll bring one anyway
ham	k...k...yesterday i was in cbe .
ham	i am waiting for your call sir.
spam	18 days to euro2004 kickoff! u will be kept informed of all the latest news and results daily. unsubscribe send get euro stop to 83222.
ham	hello my little party animal! i just thought i'd buzz you as you were with your friends ...*grins*... reminding you were loved and send a naughty adoring kiss
ham	sorry, i'll call later
spam	congrats! nokia 3650 video camera phone is your call 09066382422 calls cost 150ppm ave call 3mins vary from mobiles 16+ close 300603 post bcm4284 ldn wc1n3xx
ham	they have a thread on the wishlist section of the forums where ppl post nitro requests. start from the last page and collect from the bottom up.
ham	i met you as a stranger and choose you as my friend. as long as the world stands, our friendship never ends. lets be friends forever!!! gud nitz...
ham	s s..first time..dhoni rocks...
ham	i am in escape theatre now. . going to watch kavalan in a few minutes
ham	from someone not to smoke when every time i've smoked in the last two weeks is because of you calling or texting me that you wanted to smoke
ham	damn, can you make it tonight or do you want to just wait til tomorrow
ham	hm good morning, headache anyone? :-)
ham	idc get over here, you are not weaseling your way out of this shit twice in a row
ham	guy, no flash me now. if you go call me, call me. how madam. take care oh.
spam	freemsg:feelin kinda lnly hope u like 2 keep me company! jst got a cam moby wanna c my pic?txt or reply date to 82242 msg150p 2rcv hlp 08712317606 stop to 82242
spam	win: we have a winner! mr. t. foley won an ipod! more exciting prizes soon, so keep an eye on ur mobile or visit www.win-82050.co.uk
ham	yes baby! i need to stretch open your pussy!
ham	ok omw now, you at castor?
ham	i think if he rule tamilnadu..then its very tough for our people.
ham	oooh bed ridden ey? what are you thinking of?
ham	u still going to the mall?
spam	thank you, winner notified by sms. good luck! no future marketing reply stop to 84122 customer services 08450542832
ham	k.k:)advance happy pongal.
ham	what i mean is do they come chase you out when its over or is it stated you can watch as many movies as you want.
ham	it does it on its own. most of the time it fixes my spelling. but sometimes it gets a completely diff word. go figure
ham	too late. i said i have the website. i didn't i have or dont have the slippers
ham	tunde, how are you doing. this is just wishing you a great day. abiola.
ham	but really quite funny lor wat... then u shd haf run shorter distance wat...
ham	no sir. that's why i had an 8-hr trip on the bus last week. have another audition next wednesday but i think i might drive this time.
ham	you have to pls make a note of all she.s exposed to. also find out from her school if anyone else was vomiting. is there a dog or cat in the house? let me know later.
ham	see you then, we're all christmassy here!
ham	don't worry though, i understand how important it is that i be put in my place with a poorly thought out punishment in the face of the worst thing that has ever happened to me. brb gonna go kill myself
ham	no rushing. i'm not working. i'm in school so if we rush we go hungry.
ham	sorry, i'll call later
ham	hi its jess i dont know if you are at work but call me when u can im at home all eve. xxx
ham	i don,t think so. you don't need to be going out that late on a school night. especially when the one class you have is the one you missed last wednesday and probably failed a test in on friday
ham	it's not that you make me cry. it's just that when all our stuff happens on top of everything else, it pushes me over the edge. you don't underdtand how often i cry over my sorry, sorry life.
ham	even i cant close my eyes you are in me our vava playing umma :-d
ham	happy new year to u and ur family...may this new year bring happiness , stability and tranquility to ur vibrant colourful life:):)
ham	c movie is juz last minute decision mah. juz watch 2 lar but i tot ü not interested.
ham	but you were together so you should be thinkin about him
ham	re your call; you didn't see my facebook huh?
ham	still i have not checked it da. . .
ham	thinkin about someone is all good. no drugs for that
ham	pls help me tell ashley that i cant find her number oh
spam	reply to win £100 weekly! where will the 2006 fifa world cup be held? send stop to 87239 to end service
ham	gud mrng dear hav a nice day
ham	i thank you so much for all you do with selflessness. i love you plenty.
ham	of cos can lar i'm not so ba dao ok... 1 pm lor... y u never ask where we go ah... i said u would ask on fri but he said u will ask today...
spam	urgent this is our 2nd attempt to contact u. your £900 prize from yesterday is still awaiting collection. to claim call now 09061702893
ham	send me your id and password
ham	can... i'm free...
ham	if i die i want u to have all my stuffs.
ham	wishing you and your family merry x mas and happy new year in advance..
ham	sorry, i can't help you on this.
ham	well thats nice. too bad i cant eat it
ham	you've already got a flaky parent. it'snot supposed to be the child's job to support the parent...not until they're the ride age anyway. i'm supposed to be there to support you. and now i've hurt you. unintentional. but hurt nonetheless.
ham	cheers lou! yeah was a goodnite shame u neva came! c ya gailxx
ham	hi this is yijue, can i meet u at 11 tmr?
ham	today is song dedicated day.. which song will u dedicate for me? send this to all ur valuable frnds but first rply me...
spam	reply to win £100 weekly! what professional sport does tiger woods play? send stop to 87239 to end service
ham	hai dear friends... this is my new &amp; present number..:) by rajitha raj (ranju)
ham	feel like trying kadeem again? :v
ham	mm have some kanji dont eat anything heavy ok
ham	none!nowhere ikno doesdiscount!shitinnit
ham	ok.
ham	thanks da thangam, i feel very very happy dear. i also miss you da.
ham	serious? what like proper tongued her
ham	hope ur head doesn't hurt 2 much ! am ploughing my way through a pile of ironing ! staying in with a chinky tonight come round if you like.
ham	dont know supports ass and srt i thnk. i think ps3 can play through usb too
ham	i dont. can you send it to me. plus how's mode.
ham	ok...
ham	you unbelievable faglord
ham	then get some cash together and i'll text jason
ham	with my sis lor... we juz watched italian job.
ham	i'm at home. please call
ham	pls go ahead with watts. i just wanted to be sure. do have a great weekend. abiola
ham	jay told me already, will do
ham	its a laptop take it with you.
ham	uh, heads up we don't have that much left
ham	die... now i have e toot fringe again...
ham	yo you around? a friend of mine's lookin to pick up later tonight
spam	thanks for your subscription to ringtone uk your mobile will be charged £5/month please confirm by replying yes or no. if you reply no you will not be charged
ham	we have sent jd for customer service cum accounts executive to ur mail id, for details contact us
ham	how are u? i have missed u! i havent been up 2 much a bit bored with the holiday want 2 go bak 2 college! sad isnt it?xx
ham	to the wonderful okors, have a great month. we cherish you guys and wish you well each day. mojibiola
ham	congrats. that's great. i wanted to tell you not to tell me your score cos it might make me relax. but its motivating me so thanks for sharing
ham	i think we're going to finn's now, come
ham	not sure i have the stomach for it ...
ham	depends on quality. if you want the type i sent boye, faded glory, then about 6. if you want ralphs maybe 2
ham	ha ha - had popped down to the loo when you hello-ed me. hello!
spam	back 2 work 2morro half term over! can u c me 2nite 4 some sexy passion b4 i have 2 go back? chat now 09099726481 luv dena calls £1/minmobsmorelkpobox177hp51fl
ham	why did i wake up on my own &gt;:(
spam	your next amazing xxx picsfree1 video will be sent to you enjoy! if one vid is not enough for 2day text back the keyword picsfree1 to get the next video.
ham	ya ok, vikky vl c witin  &lt;#&gt; mins and il reply u..
ham	i wont do anything de.
ham	good words.... but words may leave u in dismay many times.
ham	true. it is passable. and if you get a high score and apply for phd, you get 5years of salary. so it makes life easier.
ham	haha awesome, i might need to take you up on that, what you doin tonight?
ham	ok.
ham	dunno cos i was v late n when i reach they inside already... but we ate spageddies lor... it's e gals who r laughing at me lor...
ham	once free call me sir.
ham	si si. i think ill go make those oreo truffles.
ham	ok c ü then.
spam	urgent! your mobile no *********** won a £2,000 bonus caller prize on 02/06/03! this is the 2nd attempt to reach you! call 09066362220 asap! box97n7qp, 150ppm
ham	do u knw dis no. &lt;#&gt; ?
ham	you know, wot people wear. t shirts, jumpers, hat, belt, is all we know. we r at cribbs
ham	it didnt work again oh. ok goodnight then. i.ll fix and have it ready by the time you wake up. you are very dearly missed have a good night sleep.
ham	okie but i scared u say i fat... then u dun wan me already...
ham	sorry, i'll call later
spam	do you want a new video phone? 600 anytime any network mins 400 inclusive video calls and downloads 5 per week free deltomorrow call 08002888812 or reply now
ham	gudnite....tc...practice going on
ham	no but the bluray player can
ham	joy's father is john. then john is the ____ of joy's father. if u ans ths you hav  &lt;#&gt;  iq. tis s ias question try to answer.
ham	i'm so in love with you. i'm excited each day i spend with you. you make me so happy.
spam	interflora - it's not too late to order interflora flowers for christmas call 0800 505060 to place your order before midnight tomorrow.
ham	thanx 4 sending me home...
ham	all these nice new shirts and the only thing i can wear them to is nudist themed ;_; you in mu?
ham	understand. his loss is my gain :) so do you work? school?
ham	ok...
ham	only once then after ill obey all yours.
ham	my trip was ok but quite tiring lor. uni starts today but it's ok 4 me cos i'm not taking any modules but jus concentrating on my final yr project.
ham	that depends. how would you like to be treated? :)
spam	fantasy football is back on your tv. go to sky gamestar on sky active and play £250k dream team. scoring starts on saturday, so register now!sky opt out to 88088
ham	this pen thing is beyond a joke. wont a biro do? don't do a masters as can't do this ever again!
ham	:)
spam	+449071512431 urgent! this is the 2nd attempt to contact u!u have won £1250 call 09071512433 b4 050703 t&csbcm4235wc1n3xx. callcost 150ppm mobilesvary. max£7. 50
ham	then why you not responding
ham	eat at old airport road... but now 630 oredi... got a lot of pple...
ham	o we cant see if we can join denis and mina? or does denis want alone time
spam	free entry to the gr8prizes wkly comp 4 a chance to win the latest nokia 8800, psp or £250 cash every wk.txt great to 80878 http//www.gr8prizes.com 08715705022
ham	ok... the theory test? when are ü going to book? i think it's on 21 may. coz thought wanna go out with jiayin. but she isnt free
ham	is it your yahoo boys that bring in the perf? or legal.
ham	probably earlier than that if the station's where i think it is
ham	2marrow only. wed at  &lt;#&gt;  to 2 aha.
ham	can you let me know details of fri when u find out cos i'm not in tom or fri. mentionned chinese. thanks
ham	yo, you gonna still be in stock tomorrow/today? i'm trying to get a dubsack
ham	yes, my reg is  ciao!
ham	dad says hurry the hell up
ham	i like to talk pa but am not able to. i dont know y.
ham	ill b down soon
ham	olol i printed out a forum post by a guy with the exact same  prob which was fixed with a gpu replacement. hopefully they dont ignore that.
ham	all was well until slightly disastrous class this pm with my fav darlings! hope day off ok. coffee wld be good as can't stay late tomorrow. same time + place as always?
ham	anything lor if they all go then i go lor...
ham	my house here e sky quite dark liao... if raining then got excuse not 2 run already rite... hee...
ham	da is good good player.why he is unsold.
spam	customer service announcement. we recently tried to make a delivery to you but were unable to do so, please call 07090298926 to re-schedule. ref:9307622
ham	i will reach ur home in  &lt;#&gt;  minutes
ham	hey you gave them your photo when you registered for driving ah? tmr wanna meet at yck?
ham	i love working from home :)
ham	my computer just fried the only essential part we don't keep spares of because my fucking idiot roommates looovvve leaving the thing running on full  &lt;#&gt; /7
ham	dont talk to him ever ok its my word.
ham	in which place i can get rooms cheap:-)
ham	hi msg me:)i'm in office..
spam	someone u know has asked our dating service 2 contact you! cant guess who? call 09058097189 now all will be revealed. pobox 6, ls15hb 150p
spam	get 3 lions england tone, reply lionm 4 mono or lionp 4 poly. 4 more go 2 www.ringtones.co.uk, the original n best. tones 3gbp network operator rates apply.
spam	free tones hope you enjoyed your new content. text stop to 61610 to unsubscribe. help:08712400602450p provided by tones2you.co.uk
ham	nope. i just forgot. will show next week
ham	even my brother is not like to speak with me. they treat me like aids patent.
ham	k will do, addie &amp; i are doing some art so i'll be here when you get home
ham	sure, but make sure he knows we ain't smokin yet
spam	natalja (25/f) is inviting you to be her friend. reply yes-440 or no-440 see her: www.sms.ac/u/nat27081980 stop? send stop frnd to 62468
ham	geeeee ... your internet is really bad today, eh ?
spam	freemsg hey u, i just got 1 of these video/pic fones, reply wild to this txt & ill send u my pics, hurry up im so bored at work xxx (18 150p/rcvd stop2stop)
ham	good morning. at the repair shop--the only reason i'm up at this hour.
ham	beautiful truth against gravity.. read carefully: our heart feels light when someone is in it.. but it feels very heavy when someone leaves it.. good night
spam	we tried to contact you re your reply to our offer of a video phone 750 anytime any network mins half price line rental camcorder reply or call 08000930705
ham	probably, want to pick up more?
ham	i'll text carlos and let you know, hang on
ham	hey sexy buns ! have i told you ? i adore you, loverboy. i hope you remember to thank your sister in law for those meatballs *grins* ... i love you, babe
ham	soon you will have the real thing princess! do i make you wet? :)
ham	we regret to inform u that the nhs has made a mistake.u were never actually born.please report 2 yor local hospital 2b terminated.we r sorry 4 the inconvenience
ham	dunno he jus say go lido. same time 930.
spam	8007 free for 1st week! no1 nokia tone 4 ur mob every week just txt nokia to 8007 get txting and tell ur mates www.getzed.co.uk pobox 36504 w4 5wq norm 150p/tone 16+
spam	bloomberg -message center +447797706009 why wait? apply for your future http://careers. bloomberg.com
ham	how are you doing? hope you've settled in for the new school year. just wishin you a gr8 day
spam	summers finally here! fancy a chat or flirt with sexy singles in yr area? to get matched up just reply summer now. free 2 join. optout txt stop help08714742804
ham	its ok..come to my home it vl nice to meet and v can chat..
ham	ok anyway no need to change with what you said
ham	goodmorning, today i am late for  &lt;#&gt; min.
ham	depends on individual lor e hair dresser say pretty but my parents say look gong. u kaypoh.. i also dunno wat she collecting.
ham	i wnt to buy a bmw car urgently..its vry urgent.but hv a shortage of  &lt;#&gt; lacs.there is no source to arng dis amt. &lt;#&gt; lacs..thats my prob
ham	but your brother transfered only  &lt;#&gt;  +  &lt;#&gt; . pa.
ham	ü ready then call me...
ham	already am squatting is the new way of walking
ham	howz pain?hope u r fine..
ham	friendship poem: dear o dear u r not near but i can hear dont get fear live with cheer no more tear u r always my dear. gud ni8
ham	nowadays people are notixiquating the laxinorficated opportunity for bambling of entropication.... have you ever oblisingately opted ur books for the masteriastering amplikater of fidalfication? it is very champlaxigating, i think it is atrocious.. wotz ur opinion???? junna
ham	i had askd u a question some hours before. its answer
ham	i will spoil you in bed as well :)
ham	yeh. indians was nice. tho it did kane me off a bit he he. we shud go out 4 a drink sometime soon. mite hav 2 go 2 da works 4 a laugh soon. love pete x x
ham	hey i'm bored... so i'm thinking of u... so wat r u doing?
ham	horrible bf... i now v hungry...
ham	i tagged my friends that you seemed to count as your friends.
ham	usually the person is unconscious that's in children but in adults they may just behave abnormally. i.ll call you now
ham	no calls..messages..missed calls
ham	sorry, i'll call later in meeting any thing related to trade please call arul. &lt;#&gt;
ham	sad story of a man - last week was my b'day. my wife did'nt wish me. my parents forgot n so did my kids . i went to work. even my colleagues did not wish.
ham	it's wylie, you in tampa or sarasota?
ham	good. good job. i like entrepreneurs
ham	ok . . now i am in bus. . if i come soon i will come otherwise tomorrow
ham	wat ü doing now?
ham	aiyar hard 2 type. u later free then tell me then i call n scold n tell u.
ham	am okay. will soon be over. all the best
ham	oh k. . i will come tomorrow
ham	1.20 that call cost. which i guess isnt bad. miss ya, need ya, want ya, love ya
ham	goodmorning, today i am late for 2hrs. because of back pain.
ham	indians r poor but india is not a poor country. says one of the swiss bank directors. he says that  &lt;#&gt;  lac crore of indian money is deposited in swiss banks which can be used for 'taxless' budget for  &lt;#&gt;  yrs. can give  &lt;#&gt;  crore jobs to all indians. from any village to delhi 4 lane roads. forever free power suply to more than  &lt;#&gt;  social projects. every citizen can get monthly  &lt;#&gt; /- for  &lt;#&gt;  yrs. no need of world bank &amp; imf loan. think how our money is blocked by rich politicians. we have full rights against corrupt politicians. itna forward karo ki pura india padhe.g.m.
ham	i don't think he has spatula hands!
ham	dunno lei... i thk mum lazy to go out... i neva ask her yet...
ham	when you are big..| god will bring success.
ham	a lot of this sickness thing going round. take it easy. hope u feel better soon. lol
ham	my new years eve was ok. i went to a party with my boyfriend. who is this si then hey
spam	free video camera phones with half price line rental for 12 mths and 500 cross ntwk mins 100 txts. call mobileupd8 08001950382 or call2optout/674&
ham	probably not, i'm almost out of gas and i get some cash tomorrow
ham	me too baby! i promise to treat you well! i bet you will take good care of me...
ham	got fujitsu, ibm, hp, toshiba... got a lot of model how to say...
ham	good evening! how are you?
ham	petey boy whereare you me and all your friendsare in thekingshead come down if you canlove nic
ham	ok. can be later showing around 8-8:30 if you want + cld have drink before. wld prefer not to spend money on nosh if you don't mind, as doing that nxt wk.
ham	ugh its been a long day. i'm exhausted. just want to cuddle up and take a nap
ham	k, makes sense, btw carlos is being difficult so you guys are gonna smoke while i go pick up the second batch and get gas
ham	please give it 2  or i will pick it up on tuesday evening about 8 if that is ok.
ham	at what time are you coming.
ham	call me da, i am waiting for your call.
ham	hurry up, i've been weed-deficient for like three days
ham	hi dear we saw dear. we both are happy. where you my battery is low
ham	i send the print  outs da.
ham	evry emotion dsn't hav words.evry wish dsn't hav prayrs.. if u smile,d world is wit u.othrwise even d drop of tear dsn't lik 2 stay wit u.so b happy.. good morning, keep smiling:-)
ham	when people see my msgs, they think iam addicted to msging... they are wrong, bcoz they don\'t know that iam addicted to my sweet friends..!! bslvyl
ham	can u look 4 me in da lib i got stuff havent finish yet.
ham	thats cool. where should i cum? on you or in you? :)
spam	you have won a guaranteed 32000 award or maybe even £1000 cash to claim ur award call free on 0800 ..... (18+). its a legitimat efreefone number wat do u think???
ham	ü go home liao? ask dad to pick me up at 6...
ham	but that's on ebay it might be less elsewhere.
ham	or better still can you catch her and let ask her if she can sell  &lt;#&gt;  for me.
ham	hiya stu wot u up 2.im in so much truble at home at moment evone hates me even u! wot the hell av i done now? y wont u just tell me text bck please luv dan
ham	so u workin overtime nigpun?
ham	huh but i got lesson at 4 lei n i was thinkin of going to sch earlier n i tot of parkin at kent vale...
ham	....photoshop makes my computer shut down.
spam	the current leading bid is 151. to pause this auction send out. customer care: 08718726270
ham	em, its olowoyey@ usc.edu have a great time in argentina. not sad about secretary, everything is a blessing
ham	hmmm.. thk sure got time to hop ard... ya, can go 4 free abt... muz call u to discuss liao...
spam	buy space invaders 4 a chance 2 win orig arcade game console. press 0 for games arcade (std wap charge) see o2.co.uk/games 4 terms + settings. no purchase
ham	yar i wanted 2 scold u yest but late already... i where got zhong se qing you? if u ask me b4 he ask me then i'll go out w u all lor. n u still can act so real.
ham	wish i were with you now!
ham	ok...
ham	not a lot has happened here. feels very quiet. beth is at her aunts and charlie is working lots. just me and helen in at the mo. how have you been?
spam	hi 07734396839 ibh customer loyalty offer: the new nokia6600 mobile from only £10 at txtauction!txt word:start to no:81151 & get yours now!4t&
ham	hope you are having a good week. just checking in
ham	hey. what happened? u switch off ur cell d whole day. this isnt good. now if u do care, give me a call tomorrow.
ham	spoons it is then okay?
ham	your right! i'll make the appointment right now.
spam	you have an important customer service announcement from premier. call freephone 0800 542 0578 now!
ham	early bird! any purchases yet?
spam	freemsg why haven't you replied to my text? i'm randy, sexy, female and live local. luv to hear from u. netcollex ltd 08700621170150p per msg reply stop to end
ham	its ok, called mom instead have fun
ham	what you did in  leave.
ham	cool, i'll text you in a few
ham	and smile for me right now as you go and the world will wonder what you are smiling about and think your crazy and keep away from you ... *grins*
ham	if you don't respond imma assume you're still asleep and imma start calling n shit
ham	it's cool, we can last a little while. getting more any time soon?
ham	tell your friends what you plan to do on valentines day @ &lt;url&gt;
ham	hmm .. bits and pieces lol ... *sighs* ...
ham	what do you do, my dog ? must i always wait till the end of your day to have word from you ? did you run out of time on your cell already?
ham	alright if you're sure, let me know when you're leaving
ham	aiya we discuss later lar... pick ü up at 4 is it?
ham	* was a nice day and, impressively, i was sensible, went home early and now feel fine. or am i just boring?! when's yours, i can't remember.
ham	apart from the one i told you about yesterday?
ham	thats cool. i liked your photos. you are very sexy!
ham	you tell what happen dont behave like this to me. ok no need to say
ham	aight do you still want to get money
ham	for the first time in the history 'need' 'comfort' and 'luxury' are sold at same price in india..!! onion-rs. &lt;#&gt;  petrol-rs. &lt;#&gt;  beer-rs. &lt;#&gt;  shesil  &lt;#&gt;
ham	what time you think you'll have it? need to know when i should be near campus
ham	you got job in wipro:)you will get every thing in life in 2 or 3 years.
ham	well there's not a lot of things happening in lindsay on new years *sighs* some bars in ptbo and the blue heron has something going
ham	love you aathi..love u lot..
ham	i'm at bruce &amp; fowler now but i'm in my mom's car so i can't park (long story)
ham	watching tv lor...
ham	ok i juz receive..
ham	u in town alone?
ham	i ain't answerin no phone at what is actually a pretty reasonable hour but i'm sleepy
ham	he remains a bro amongst bros
ham	thanx. yup we coming back on sun. finish dinner going back 2 hotel now. time flies, we're tog 4 exactly a mth today. hope we'll haf many more mths to come...
ham	that's what i love to hear :v see you sundayish, then
ham	is she replying. has boye changed his phone number
ham	except theres a chick with huge boobs.
ham	we are okay. going to sleep now. later
ham	storming msg: wen u lift d phne, u say hello do u knw wt is d real meaning of hello?? . . . it's d name of a girl..! . . . yes.. and u knw who is dat girl?? margaret hello she is d girlfrnd f grahmbell who invnted telphone... . . . . moral:one can 4get d name of a person, bt not his girlfrnd... g o o d n i g h t . . .@
ham	send this to ur friends and receive something about ur voice..... how is my speaking expression? 1.childish 2.naughty 3.sentiment 4.rowdy 5.ful of attitude 6.romantic 7.shy 8.attractive 9.funny  &lt;#&gt; .irritating  &lt;#&gt; .lovable. reply me..
ham	yo you guys ever figure out how much we need for alcohol? jay and i are trying to figure out how much we can safely spend on weed
ham	nope but i'm going home now then go pump petrol lor... like going 2 rain soon...
ham	yo, i'm at my parents' gettin cash. good news: we picked up a downstem
ham	one small prestige problem now.
ham	reading gud habit.. nan bari hudgi yorge pataistha ertini kano:-)
ham	i am not sure about night menu. . . i know only about noon menu
ham	i've been searching for the right words to thank you for this breather. i promise i wont take your help for granted and will fulfil my promise. you have been wonderful and a blessing at all times.
ham	you're not sure that i'm not trying to make xavier smoke because i don't want to smoke after being told i smoke too much?
ham	gam gone after outstanding innings.
ham	jus finished avatar nigro
ham	actually fuck that, just do whatever, do find an excuse to be in tampa at some point before january though
ham	now i'm going for lunch.
ham	r u over scratching it?
ham	house-maid is the murderer, coz the man was murdered on  &lt;#&gt; th january.. as public holiday all govt.instituitions are closed,including post office..
ham	sac needs to carry on:)
ham	no plm i will come da. on the way.
spam	hmv bonus special 500 pounds of genuine hmv vouchers to be won. just answer 4 easy questions. play now! send hmv to 86688 more info:www.100percent-real.com
spam	urgent! your mobile no 07808726822 was awarded a £2,000 bonus caller prize on 02/09/03! this is our 2nd attempt to contact you! call 0871-872-9758 box95qu
ham	correct. so how was work today
ham	black shirt n blue jeans... i thk i c ü...
ham	i have many dependents
ham	ambrith..madurai..met u in arun dha marrge..remembr?
ham	i think that tantrum's finished so yeah i'll be by at some point
ham	ever green quote ever told by jerry in cartoon a person who irritates u always is the one who loves u vry much but fails to express it...!..!! :-) :-) gud nyt
spam	get the official england poly ringtone or colour flag on yer mobile for tonights game! text tone or flag to 84199. optout txt eng stop box39822 w111wx £1.50
ham	i don wake since. i checked that stuff and saw that its true no available spaces. pls call the embassy or send a mail to them.
ham	i will come to ur home now
ham	i wnt to buy a bmw car urgently..its vry urgent.but hv a shortage of  &lt;#&gt; lacs.there is no source to arng dis amt. &lt;#&gt; lacs..thats my prob
ham	sorry to trouble u again. can buy 4d for my dad again? 1405, 1680, 1843. all 2 big 1 small, sat n sun. thanx.
ham	hi' test on  &lt;#&gt; rd ....
ham	sorry, i'll call later
ham	nt joking seriously i told
ham	chinatown got porridge, claypot rice, yam cake, fishhead beehoon... either we eat cheap den go cafe n tok or go nydc or somethin...
ham	so check your errors and if you had difficulties, do correction.
ham	just curious because my cuz asked what i was up to
ham	time n smile r the two crucial things in our life. sometimes time makes us to forget smile, and sometimes someone's smile makes us to forget time gud noon
ham	am also doing in cbe only. but have to pay.
ham	then what about further plan?
ham	hello, my love. what are you doing? did you get to that interview today? are you you happy? are you being a good boy? do you think of me?are you missing me ?
ham	i've got ten bucks, jay is being noncomittal
ham	raji..pls do me a favour. pls convey my birthday wishes to nimya. pls. today is her birthday.
ham	yo theres no class tmrw right?
ham	hey you told your name to gautham ah?
ham	motivate behind every darkness, there is a shining light waiting for you to find it... behind every best friend, there is always trust and love... bslvyl
ham	much better now thanks lol
ham	guess which pub im in? im as happy as a pig in clover or whatever the saying is!
spam	22 days to kick off! for euro2004 u will be kept up to date with the latest news and results daily. to be removed send get txt stop to 83222
ham	nah dub but je still buff
spam	private! your 2004 account statement for 07742676969 shows 786 unredeemed bonus points. to claim call 08719180248 identifier code: 45239 expires
ham	as per your request 'maangalyam (alaipayuthe)' has been set as your callertune for all callers. press *9 to copy your friends callertune
ham	alex knows a guy who sells mids but he's down in south tampa and i don't think i could set it up before like 8
ham	huh... hyde park not in mel ah, opps, got confused... anyway, if tt's e best choice den we juz have to take it...
ham	nope. since ayo travelled, he has forgotten his guy
ham	well there's still a bit left if you guys want to tonight
ham	k i'll be sure to get up before noon and see what's what
ham	lol what happens in vegas stays in vegas
ham	still chance there. if you search hard you will get it..let have a try :)
ham	i'm working technical support :)voice process.networking field.
ham	nah man, my car is meant to be crammed full of people
ham	i dont know what to do to come out of this so only am ask questions like this dont mistake me.
ham	she said,'' do u mind if i go into the bedroom for a minute ? '' ''ok'', i sed in a sexy mood. she came out 5 minuts latr wid a cake...n my wife,
spam	private! your 2004 account statement for 078498****7 shows 786 unredeemed bonus points. to claim call 08719180219 identifier code: 45239 expires 06.05.05
ham	hui xin is in da lib.
ham	i have no idea where you are
ham	don't necessarily expect it to be done before you get back though because i'm just now headin out
ham	i'm always on yahoo messenger now. just send the message to me and i.ll get it you may have to send it in the mobile mode sha but i.ll get it. and will reply.
ham	why is that, princess? i bet the brothas are all chasing you!
ham	convey my regards to him
ham	can't. i feel nauseous. i'm so pissed. i didn't eat any sweets all week cause today i was planning to pig out. i was dieting all week. and now i'm not hungry :/
ham	nope i'll come online now..
ham	ill call u 2mrw at ninish, with my address that icky american freek wont stop callin me 2 bad jen k eh?
ham	was doing my test earlier. i appreciate you. will call you tomorrow.
ham	good afternoon loverboy ! how goes you day ? any luck come your way? i think of you, sweetie and send my love across the sea to make you smile and happy
ham	i will be gentle baby! soon you will be taking all  &lt;#&gt;  inches deep inside your tight pussy...
ham	hey chief, can you give me a bell when you get this. need to talk to you about this royal visit on the 1st june.
ham	ü takin linear algebra today?
ham	what time you coming down later?
ham	got c... i lazy to type... i forgot ü in lect... i saw a pouch but like not v nice...
ham	my painful personal thought- i always try to keep everybody happy all the time. but nobody recognises me when i am alone
ham	did u got that persons story
ham	i'm freezing and craving ice. fml
ham	it's ok i noe u're busy but i'm really too bored so i msg u. i oso dunno wat colour she choose 4 me one.
ham	i dont understand your message.
ham	watever relation u built up in dis world only thing which remains atlast iz lonlines with lotz n lot memories! feeling..
ham	how r ü going to send it to me?
ham	where r we meeting?
spam	hot live fantasies call now 08707509020 just 20p per min ntt ltd, po box 1327 croydon cr9 5wb 0870 is a national rate call
ham	mostly sports type..lyk footbl,crckt..
spam	our dating service has been asked 2 contact u by someone shy! call 09058091870 now all will be revealed. pobox84, m26 3uz 150p
ham	also north carolina and texas atm, you would just go to the gre site and pay for the test results to be sent.
ham	no..its ful of song lyrics..
ham	then. you are eldest know.
spam	oh my god! i've found your number again! i'm so glad, text me back xafter this msgs cst std ntwk chg £1.50
ham	we spend our days waiting for the ideal path to appear in front of us.. but what we forget is.. paths are made by walking.. not by waiting.. goodnight!
ham	hurry home u big butt. hang up on your last caller if u have to. food is done and i'm starving. don't ask what i cooked.
ham	i dont have any of your file in my bag..i was in work when you called me.i 'll tell you if i find anything in my room.
ham	i am not having her number sir
ham	slaaaaave ! where are you ? must i summon you to me all the time now ? don't you wish to come to me on your own anymore?
ham	maybe i could get book out tomo then return it immediately ..? or something.
ham	was playng 9 doors game and gt racing on phone lol
ham	reverse is cheating. that is not mathematics.
ham	have you finished work yet? :)
ham	man this bus is so so so slow. i think you're gonna get there before me
ham	there are no other charges after transfer charges and you can withdraw anyhow you like
ham	there r many model..sony ericson also der.. &lt;#&gt; ..it luks good bt i forgot modl no
ham	s....s...india going to draw the series after many years in south african soil..
ham	are your freezing ? are you home yet ? will you remember to kiss your mom in the morning? do you love me ? do you think of me ? are you missing me yet ?
spam	your credits have been topped up for http://www.bubbletext.com your renewal pin is tgxxrz
ham	text her. if she doesnt reply let me know so i can have her log in
ham	aight, let me know when you're gonna be around usf
ham	nvm... i'm going to wear my sport shoes anyway... i'm going to be late leh.
ham	guess he wants alone time. we could just show up and watch when they do..
spam	free message activate your 500 free text messages by replying to this message with the word free for terms & conditions, visit www.07781482378.com
ham	on ma way to school. can you pls send me ashley's number
ham	ok how you dear. did you call chechi
ham	hey mate. spoke to the mag people. we‘re on.  the is deliver by the end of the month. deliver on the 24th sept. talk later.
ham	what makes you most happy?
ham	but my family not responding for anything. now am in room not went to home for diwali but no one called me and why not coming. it makes me feel like died.
ham	raji..pls do me a favour. pls convey my birthday wishes to nimya. pls. today is her birthday.
ham	sure, i'll see if i can come by in a bit
ham	may b approve panalam...but it should have more posts..
ham	anything lar...
ham	right on brah, see you later
ham	aight we can pick some up, you open before tonight?
ham	hello, my love ! how went your day ? are you alright ? i think of you, my sweet and send a jolt to your heart to remind you ... i love you! can you hear it ? i screamed it across the sea for all the world to hear. ahmad al hallaq is loved ! and owned ! *possessive passionate kiss*
ham	mon okie lor... haha, best is cheap n gd food la, ex oso okie... depends on whether wana eat western or chinese food... den which u prefer...
spam	had your mobile 11 months or more? u r entitled to update to the latest colour mobiles with camera for free! call the mobile update co free on 08002986030
spam	babe: u want me dont u baby! im nasty and have a thing 4 filthyguys. fancy a rude time with a sexy bitch. how about we go slo n hard! txt xxx slo(4msgs)
ham	sweet, we may or may not go to 4u to meet carlos so gauge patty's interest in that
spam	promotion number: 8714714 - ur awarded a city break and could win a £200 summer shopping spree every wk. txt store to 88039 . skilgme. tscs087147403231winawk!age16 £1.50perwksub
ham	oh ok i didnt know what you meant. yep i am baby jontin
ham	appt is at &lt;time&gt; am. not my fault u don't listen. i told u twice
ham	ok
ham	sorry . i will be able to get to you. see you in the morning.
ham	awesome question with a cute answer: someone asked a boy how is ur life? . . he smiled &amp; answered: . . she is fine! gudnite
ham	wat time ü wan today?
ham	here is my new address -apples&pairs&all that malarky
ham	mm i had my food da from out
ham	happy valentines day i know its early but i have hundreds of handsomes and beauties to wish. so i thought to finish off aunties and uncles 1st...
ham	thanks for this hope you had a good day today
ham	if he started searching he will get job in few days.he have great potential and talent.
spam	18 days to euro2004 kickoff! u will be kept informed of all the latest news and results daily. unsubscribe send get euro stop to 83222.
ham	its good to hear from you
ham	ok... take ur time n enjoy ur dinner...
ham	ok lor... sony ericsson salesman... i ask shuhui then she say quite gd 2 use so i considering...
ham	oh ic. i thought you meant mary jane.
ham	guessin you ain'
